episode,reward,length,time
1,-3.449877,12,2.084727
2,0.0,13,3.472425
3,-3.0,10,4.570687
4,-1.526176,8,5.454487
5,4.103944,13,6.566175
6,-4.382153,6,7.254421
7,-0.382068,6,8.055011
8,9.0,9,9.063776
9,11.0,11,10.362342
10,10.0,10,11.339859
11,9.0,9,12.279425
12,9.0,9,13.53916
13,8.616025,10,14.511172
14,-4.210284,1,14.652371
15,9.0,9,15.477563
16,0.0,6,16.146541
17,0.0,6,16.84723
18,0.0,6,17.545225
19,-1.0,5,18.133109
20,0.0,6,18.875651
21,1.0,7,19.532222
22,10.0,10,20.865229
23,0.0,6,21.526916
24,-0.299923,5,22.116329
25,0.0,6,22.684403
26,9.0,10,24.047501
27,1.0,7,24.696939
28,1.0,7,25.276843
29,10.0,10,26.190117
30,-0.57992,5,26.760914
31,9.0,9,27.445421
32,-1.0,5,27.961412
33,-1.0,5,28.368782
34,-0.841249,5,28.89408
35,9.0,9,29.648737
36,8.0,8,30.445256
37,0.0,6,30.98493
38,0.0,5,31.420042
39,-0.841249,5,31.837459
40,10.0,10,32.740624
41,9.0,10,33.681806
42,9.0,9,34.624497
43,0.420014,6,35.26982
44,9.0,9,36.119796
45,10.0,10,37.156671
46,8.681208,10,38.147395
47,9.0,9,38.935962
48,-2.0,4,39.368194
49,9.0,9,40.238814
50,0.0,6,40.837449
51,-0.841249,5,41.279635
52,10.0,10,42.263849
53,9.0,9,43.046842
54,0.0,6,43.49286
55,-1.0,5,43.931855
56,0.158681,6,44.591144
57,9.0,9,45.449659
58,9.0,9,46.512121
59,0.0,6,47.017604
60,9.0,9,47.923678
61,9.0,9,48.744522
62,8.0,8,49.612784
63,10.0,10,50.538886
64,-2.0,4,50.921094
65,8.633113,10,51.863885
66,9.0,9,52.693382
67,-1.0,5,53.212332
68,0.0,6,53.86574
69,0.0,6,54.500364
70,0.0,6,55.18892
71,-1.0,5,55.741621
72,9.0,9,56.664403
73,10.0,10,57.74374
74,10.0,10,58.670701
75,10.0,10,59.728485
76,8.0,8,60.483701
77,0.158681,6,61.070844
78,-1.318719,6,61.683532
79,9.0,9,62.509508
80,-1.0,5,63.013014
81,9.0,9,63.998599
82,-4.0,2,64.153757
83,-1.0,5,64.569081
84,0.0,5,65.112134
85,9.0,9,66.01303
86,10.0,10,67.213037
87,9.0,9,68.140896
88,-5.0,1,68.260964
89,1.0,7,69.046677
90,-1.0,5,69.439142
91,10.0,10,70.204866
92,1.0,7,70.829416
93,0.0,6,71.575477
94,9.0,9,72.321167
95,0.0,5,72.877214
96,0.420014,6,73.49336
97,0.0,6,74.150538
98,8.0,8,74.833397
99,9.0,9,75.669094
100,-0.299923,5,76.246083
101,10.0,10,77.224176
102,9.0,9,78.030027
103,0.0,5,78.550365
104,1.0,7,79.189665
105,0.0,6,79.813794
106,9.0,9,80.78932
107,0.0,6,81.306503
108,9.0,9,82.05404
109,9.0,10,82.940416
110,9.0,9,83.822228
111,-0.299923,5,84.283449
112,8.0,8,85.147707
113,10.0,10,86.226482
114,0.420014,6,86.806452
115,-1.299552,4,87.267758
116,0.0,6,87.871802
117,-1.299552,4,88.368856
118,0.0,6,89.121598
119,9.0,9,89.979002
120,-1.0,5,90.536928
121,-2.0,4,90.968211
122,8.0,8,91.749642
123,10.0,10,92.663924
124,9.0,9,93.593514
125,0.0,6,94.034184
126,0.0,6,94.622367
127,10.0,10,95.741944
128,9.0,9,96.512906
129,9.0,9,97.55275
130,-1.0,5,98.01132
131,9.0,9,98.954624
132,-0.299923,5,99.41343
133,0.0,5,99.940017
134,-1.299552,4,100.424086
135,-1.0,5,100.995204
136,-3.0,3,101.318588
137,1.0,7,101.960535
138,10.0,10,103.043906
139,8.0,8,103.799974
140,9.0,9,104.579858
141,9.0,9,105.425155
142,10.0,10,106.453146
143,7.552044,10,107.444549
144,10.0,10,108.39391
145,-1.0,5,108.831258
146,0.0,5,109.282791
147,0.0,5,109.74366
148,9.0,9,110.725506
149,-1.0,5,111.362102
150,10.0,10,112.504508
151,3.0,8,113.338819
152,0.0,6,114.010707
153,3.0,9,115.045794
154,0.0,6,115.611372
155,9.0,9,116.525301
156,0.0,6,117.187736
157,-1.299552,4,117.586161
158,0.0,6,118.176988
159,8.0,8,119.01738
160,0.0,6,119.728728
161,9.0,9,120.677001
162,-0.841249,5,121.155715
163,9.0,9,121.959522
164,0.0,5,122.427187
165,0.0,5,122.838562
166,1.0,7,123.423461
167,0.0,6,124.112669
168,9.0,9,125.045556
169,-1.0,5,125.601295
170,9.0,9,126.567016
171,9.0,9,127.39451
172,-1.0,5,127.845589
173,10.0,10,129.111601
174,9.0,9,129.996924
175,10.0,10,130.986942
176,-1.0,5,131.498447
177,0.0,6,132.09169
178,8.0,8,132.794261
179,9.0,9,133.762969
180,10.0,10,135.028871
181,-1.84084,4,135.509936
182,9.0,9,136.351339
183,9.0,9,137.196251
184,8.0,8,138.060469
185,9.0,9,138.905769
186,-1.0,5,139.425193
187,10.0,10,140.444249
188,-0.299923,5,141.040797
189,10.0,10,142.079113
190,0.0,6,142.797687
191,9.0,9,143.733113
192,-1.0,5,144.236207
193,9.0,9,145.065328
194,0.0,6,145.727646
195,-0.299923,5,146.229482
196,9.0,9,146.998383
197,0.0,5,147.544919
198,1.0,7,148.331986
199,0.0,6,148.946315
200,9.0,9,149.765793
201,9.0,9,150.561248
202,-0.299923,5,151.08994
203,1.420002,7,151.808822
204,1.700002,7,152.542285
205,0.0,6,153.292525
206,-0.299923,5,153.775974
207,0.0,6,154.257748
208,0.0,6,154.833016
209,9.0,9,155.611205
210,9.0,9,156.583776
211,9.0,9,157.535713
212,9.0,9,158.317759
213,-1.0,5,158.920862
214,10.0,10,160.03096
215,8.0,8,160.692005
216,-1.0,5,161.079121
217,0.0,5,161.514976
218,-3.0,3,161.880561
219,0.0,6,162.504145
220,-0.841249,5,163.047168
221,10.0,10,164.104337
222,-1.0,5,164.662977
223,-1.0,5,165.258844
224,-0.299923,5,165.680435
225,0.0,6,166.41737
226,10.0,10,167.405228
227,8.0,8,168.194213
228,-4.0,2,168.451727
229,9.0,9,169.356909
230,9.0,9,170.18466
231,0.420014,6,170.767892
232,0.0,6,171.424897
233,10.0,10,172.422148
234,9.0,9,173.402143
235,-2.0,4,173.728143
236,-1.0,5,174.288486
237,9.0,9,175.182678
238,-0.841249,5,175.584807
239,0.0,5,176.115354
240,2.0,8,177.013762
241,-1.0,5,177.532049
242,0.0,6,178.166794
243,8.0,8,179.164359
244,9.0,9,180.093005
245,0.0,6,180.755631
246,9.0,9,181.561041
247,9.0,9,182.474854
248,-1.0,5,182.931823
249,10.0,10,184.005764
250,10.0,10,185.33069
251,9.0,9,186.563515
252,0.0,6,187.118999
253,8.0,8,187.976711
254,-1.0,5,188.536282
255,0.0,6,189.148626
256,0.0,6,189.798365
257,0.0,6,190.263083
258,9.0,9,191.164563
259,9.0,9,192.073766
260,9.0,9,192.870342
261,9.0,9,193.751229
262,-0.841249,5,194.338767
263,8.0,8,195.200714
264,9.0,9,196.120377
265,0.0,6,196.749503
266,8.0,8,197.539448
267,0.0,6,198.360212
268,10.0,10,199.692735
269,10.0,10,200.91315
270,9.0,9,202.048983
271,-1.0,5,202.568014
272,-0.57992,5,202.980932
273,9.0,9,203.840814
274,-1.0,5,204.414436
275,10.0,10,205.442449
276,9.0,9,206.313756
277,9.0,9,207.243387
278,9.0,9,208.368789
279,-0.841249,5,208.856437
280,0.0,5,209.414434
281,9.0,9,210.276398
282,-1.0,5,210.754825
283,10.0,10,211.899817
284,1.158669,7,212.616655
285,-1.0,5,213.091948
286,-1.0,6,213.725093
287,-2.0,4,214.246278
288,0.0,6,215.070999
289,-2.0,4,215.494421
290,10.0,10,216.578839
291,10.0,10,217.750139
292,9.0,9,218.646638
293,9.0,9,219.595943
294,9.0,9,220.571189
295,11.0,11,221.777305
296,10.0,10,222.741125
297,9.0,9,223.74187
298,0.0,6,224.434849
299,9.0,9,225.507155
300,9.0,9,226.332539
301,9.0,9,227.208008
302,0.0,6,227.823283
303,8.0,8,228.707132
304,9.0,9,229.479927
305,9.0,9,230.502968
306,10.0,10,231.558815
307,10.0,10,232.730976
308,-0.57992,5,233.45407
309,-0.57992,5,233.953736
310,1.0,6,234.456292
311,10.0,10,235.564758
312,0.0,5,236.011983
313,0.0,5,236.531957
314,0.0,6,237.263255
315,-1.0,5,237.777267
316,9.0,9,238.880705
317,-1.299552,4,239.319213
318,9.0,9,240.283958
319,10.0,10,241.357472
320,9.0,9,242.31712
321,-1.0,5,242.943203
322,0.0,6,243.473822
323,0.700013,6,244.005564
324,-1.0,5,244.586616
325,-1.0,5,245.177508
326,-2.0,4,245.687483
327,9.0,9,246.506838
328,0.0,6,247.275873
329,9.0,9,248.628956
330,9.0,9,249.64889
331,9.0,9,250.690911
332,10.0,10,251.870478
333,8.0,8,252.770377
334,9.0,9,253.848028
335,-1.0,5,254.363846
336,-1.0,5,254.959032
337,0.0,6,255.663929
338,0.0,6,256.33135
339,0.0,6,256.960477
340,1.0,7,257.745979
341,9.0,9,258.628668
342,-1.0,5,259.236378
343,9.0,9,260.234289
344,9.0,9,261.223395
345,-1.0,5,261.864798
346,9.0,9,262.843885
347,9.0,9,263.753128
348,10.0,10,265.001018
349,-1.0,5,265.553062
350,9.0,9,266.563941
351,10.0,10,267.816279
352,0.0,6,268.320683
353,-1.0,5,268.837076
354,10.0,10,270.071279
355,-1.0,5,270.609483
356,9.0,9,271.53016
357,9.0,9,272.516841
358,9.0,9,273.546119
359,8.0,8,274.500938
360,9.0,9,275.463656
361,-1.0,5,275.927778
362,-1.0,5,276.497074
363,9.0,9,277.3471
364,9.0,9,278.353537
365,-1.0,5,279.00586
366,10.0,10,280.204466
367,8.0,8,281.086127
368,-1.0,5,281.59699
369,9.0,9,282.482384
370,9.0,9,283.470739
371,-1.0,4,283.963485
372,10.0,10,285.164146
373,3.0,9,286.217666
374,9.0,9,287.171308
375,0.0,6,287.849089
376,-1.0,5,288.368346
377,0.0,6,289.099235
378,9.0,9,290.155717
379,-1.0,5,290.694271
380,-1.0,5,291.06917
381,9.0,9,291.916931
382,10.0,10,293.087562
383,-4.0,2,293.232645
384,-0.841249,5,293.730569
385,9.0,9,294.765679
386,0.0,6,295.431795
387,10.0,10,296.64991
388,9.0,9,297.492208
389,9.0,9,298.478111
390,-0.841249,5,299.020099
391,9.0,9,300.153949
392,-0.57992,5,300.82948
393,9.0,9,301.871377
394,10.0,10,303.049639
395,10.0,10,304.23993
396,0.0,6,304.853687
397,-3.0,3,305.2303
398,-1.0,5,305.635757
399,0.0,6,306.277027
400,9.0,9,307.293837
401,9.0,9,308.292001
402,-5.0,1,308.44533
403,9.0,9,309.392014
404,-0.57992,5,309.914614
405,0.0,6,310.548279
406,9.0,9,311.52264
407,0.0,6,312.315391
408,8.0,8,313.270503
409,-2.0,4,313.83071
410,10.0,10,315.029705
411,0.0,5,315.517137
412,1.0,7,316.227801
413,-1.0,5,316.656954
414,9.0,9,317.664397
415,0.0,6,318.500471
416,-1.0,5,319.156676
417,9.0,9,320.263092
418,9.0,9,321.295552
419,10.0,10,322.333186
420,0.0,6,323.112702
421,0.0,6,323.769294
422,9.0,9,324.971794
423,9.0,9,325.920825
424,10.0,10,327.001932
425,9.0,9,327.881142
426,9.0,9,328.762443
427,9.0,9,329.721436
428,10.0,10,330.655185
429,-1.0,5,331.255012
430,9.0,9,332.063235
431,-2.29738,3,332.344589
432,9.0,9,333.315844
433,9.0,9,334.258519
434,10.0,10,335.242381
435,0.0,6,335.851582
436,10.0,10,337.081076
437,10.0,10,338.193307
438,0.0,6,338.738026
439,8.0,8,339.480288
440,8.0,8,340.423389
441,9.0,9,341.382514
442,9.0,9,342.425043
443,-1.0,5,342.952342
444,9.0,9,344.05448
445,10.0,10,345.208337
446,-1.0,5,345.692713
447,-1.0,5,346.309606
448,10.0,10,347.408054
449,9.0,9,348.465252
450,-1.0,5,348.981382
451,0.0,6,349.657247
452,0.0,6,350.387533
453,-1.0,5,350.894592
454,8.0,8,351.778599
455,9.0,9,352.832644
456,0.0,6,353.602971
457,10.0,10,354.727227
458,9.0,9,355.794009
459,-0.841249,5,356.420145
460,9.0,9,357.327855
461,9.0,9,358.313823
462,0.0,6,358.915384
463,-1.0,5,359.502426
464,-5.0,1,359.621624
465,9.0,9,360.686252
466,9.0,9,361.923045
467,-1.0,5,362.484543
468,9.0,9,363.355259
469,0.0,6,363.864116
470,-1.0,5,364.453177
471,9.0,9,365.472475
472,-3.0,3,365.742259
473,-1.0,5,366.287047
474,9.0,9,367.178157
475,10.0,10,368.258353
476,-1.0,5,368.914654
477,0.0,6,369.549156
478,-5.0,1,369.658685
479,-1.299552,4,370.075578
480,10.0,10,371.150839
481,-1.0,5,371.713305
482,9.0,9,372.681257
483,10.0,10,373.776374
484,9.0,9,374.629579
485,-0.841249,5,375.18362
486,0.0,5,375.795725
487,9.0,9,376.81042
488,0.0,6,377.624291
489,0.0,6,378.139498
490,0.0,6,378.678792
491,10.0,10,379.908285
492,-1.0,5,380.548918
493,0.0,5,381.140046
494,11.0,11,382.400389
495,0.0,6,383.123086
496,10.0,10,384.352189
497,0.0,6,385.083036
498,10.0,10,386.189627
499,9.0,9,387.351743
500,10.0,10,388.316019
501,-2.0,4,388.787082
502,9.0,9,389.80793
503,9.0,9,390.826644
504,9.0,9,391.726985
505,9.0,9,392.784115
506,9.0,9,393.700614
507,9.0,9,394.657164
508,9.0,9,395.56838
509,-0.299923,5,396.113595
510,9.0,9,397.083713
511,1.0,7,397.936325
512,0.0,5,398.440527
513,0.0,5,398.943099
514,3.0,9,400.026478
515,-1.0,5,400.558545
516,-0.299923,5,401.095638
517,7.0,7,401.923316
518,-1.299552,4,402.443945
519,-1.0,5,403.012866
520,9.0,9,403.767197
521,9.0,9,404.675848
522,9.0,9,405.634054
523,9.0,9,406.630597
524,-1.57953,4,407.075264
525,1.420002,7,407.730772
526,0.0,5,408.270437
527,-2.0,4,408.716961
528,9.0,9,409.583086
529,-1.0,5,410.029549
530,9.0,9,410.900147
531,0.700013,6,411.458467
532,9.0,9,412.531885
533,0.158681,6,413.15072
534,9.0,9,414.10955
535,9.0,9,415.10166
536,-1.0,5,415.665148
537,-2.0,4,416.123218
538,0.0,6,416.68857
539,9.0,9,417.672824
540,10.0,10,418.762705
541,10.0,10,420.013623
542,9.0,9,421.175045
543,9.0,9,422.139323
544,0.0,5,422.68358
545,9.0,9,423.744505
546,-1.299552,4,424.203781
547,9.0,9,425.205284
548,9.0,9,426.307462
549,1.700002,7,427.024035
550,-2.0,4,427.52346
551,0.0,6,428.240164
552,0.0,5,428.833208
553,9.0,9,429.897283
554,-0.299923,5,430.577536
555,10.0,10,431.590543
556,9.0,9,432.630428
557,0.0,6,433.284333
558,0.0,6,433.879897
559,-1.0,5,434.519377
560,0.0,6,435.285607
561,8.0,8,436.137512
562,0.0,6,436.823518
563,0.0,6,437.514028
564,-1.84084,4,437.880087
565,10.0,10,438.757915
566,9.0,9,439.72776
567,9.0,9,440.965157
568,1.0,7,441.69338
569,10.0,10,442.705083
570,-1.0,5,443.393528
571,-1.57953,4,443.934001
572,0.0,6,444.576522
573,0.158681,6,445.39939
574,10.0,10,446.624853
575,-1.0,5,447.269315
576,0.0,5,447.984384
577,0.0,6,448.596366
578,9.0,9,449.599794
579,0.0,6,450.379715
580,0.0,6,451.079066
581,8.0,8,452.114553
582,0.0,6,452.819838
583,9.0,9,454.028869
584,0.0,6,454.767478
585,0.0,6,455.38047
586,9.0,9,456.453932
587,-0.299923,5,457.133237
588,8.0,8,458.214503
589,0.420014,6,458.912051
590,9.0,9,460.122347
591,9.0,9,461.235759
592,-2.0,4,461.715085
593,9.0,9,462.633318
594,9.0,9,463.60213
595,-1.57953,4,464.135312
596,10.0,10,465.568943
597,-0.299923,5,466.046
598,9.0,9,467.14689
599,0.0,6,467.992413
600,9.0,9,469.118185
601,0.0,5,469.776315
602,1.0,7,470.6191
603,-0.299923,5,471.179621
604,9.0,9,472.382815
605,-1.0,5,473.068629
606,-1.0,5,473.781746
607,9.0,9,474.708001
608,10.0,10,475.982439
609,0.0,6,476.809419
610,9.0,9,478.073797
611,10.0,10,479.254736
612,8.0,8,480.276162
613,10.0,10,481.52994
614,10.0,10,482.891913
615,0.0,5,483.503918
616,-1.0,5,484.130826
617,-1.0,5,484.76767
618,-1.0,5,485.54377
619,9.0,9,486.795098
620,-1.84084,4,487.353539
621,0.0,5,487.978965
622,9.0,9,489.185174
623,9.0,9,490.27193
624,0.0,6,490.92606
625,9.0,9,491.877679
626,8.0,8,492.954407
627,9.0,9,494.124351
628,9.0,9,495.344461
629,10.0,10,496.621393
630,-1.0,5,497.237829
631,0.0,6,498.002427
632,8.0,8,498.90211
633,-1.0,5,499.603027
634,0.0,6,500.40758
635,0.0,6,501.217175
636,0.0,6,501.982243
637,9.0,9,503.177115
638,11.0,11,504.561352
639,-2.0,4,505.131882
640,-0.57992,5,505.782861
641,9.0,9,506.784996
642,-2.0,4,507.285796
643,8.0,8,508.370326
644,-1.57953,4,508.829555
645,9.0,9,509.97
646,-1.0,5,510.65642
647,9.0,9,511.798288
648,-1.0,5,512.558507
649,0.0,6,513.359172
650,9.0,9,514.503714
651,-1.57953,4,515.109531
652,-0.841249,5,515.867895
653,-0.841249,5,516.499929
654,9.0,9,517.650711
655,9.0,9,518.984579
656,-1.57953,4,519.534024
657,-1.0,4,520.105426
658,-1.0,5,520.743023
659,0.0,6,521.553098
660,-1.0,5,522.266389
661,9.0,9,523.484591
662,10.0,10,524.683687
663,9.0,9,525.878005
664,9.0,9,527.255973
665,9.0,9,528.436562
666,10.0,10,529.591175
667,-0.57992,5,530.136473
668,9.0,9,531.187564
669,9.0,9,532.247839
670,9.0,9,533.602573
671,0.0,6,534.347785
672,10.0,10,535.566109
673,0.0,6,536.335165
674,9.0,9,537.370532
675,9.0,9,538.3013
676,10.0,10,539.424236
677,-0.57992,5,540.191309
678,10.0,10,541.445157
679,8.0,8,542.430254
680,0.0,6,543.310647
681,9.0,9,544.420478
682,9.0,9,545.546669
683,-2.0,4,546.045565
684,9.0,9,547.05006
685,0.0,6,547.849472
686,0.0,6,548.509484
687,10.0,10,549.850324
688,-1.0,5,550.552029
689,8.0,8,551.493534
690,0.0,6,552.201952
691,-0.299923,5,552.92467
692,0.0,6,553.820618
693,9.0,9,555.033056
694,10.0,10,556.42741
695,9.0,9,557.242417
696,-2.577249,3,557.612653
697,0.0,6,558.281465
698,9.0,9,559.389109
699,10.0,10,560.897788
700,9.0,9,562.125417
701,-1.0,5,562.820165
702,-1.0,5,563.567234
703,-3.563902,2,563.834195
704,9.0,9,564.976983
705,0.0,6,565.79323
706,9.0,9,567.529961
707,-1.0,5,568.34466
708,9.0,9,569.668781
709,0.0,6,570.608792
710,10.0,10,572.181182
711,0.0,6,573.116624
712,1.0,7,574.244157
713,10.0,10,575.826658
714,1.0,7,576.891947
715,0.0,6,577.876102
716,10.0,10,579.579732
717,9.0,9,580.710363
718,8.0,8,581.765525
719,8.0,8,582.759367
720,9.0,9,583.943865
721,-5.0,1,584.074979
722,9.0,9,585.258842
723,0.0,6,586.199279
724,9.0,9,587.547019
725,9.0,9,588.562212
726,9.0,9,589.876658
727,10.0,10,591.196174
728,0.0,6,592.198436
729,9.0,9,593.666802
730,-0.841249,5,594.399129
731,10.0,10,595.663094
732,0.0,6,596.590054
733,-1.0,4,597.302288
734,9.0,9,598.521408
735,9.0,9,599.810276
736,0.0,5,600.527775
737,9.0,9,601.856263
738,0.0,5,602.551235
739,1.0,7,603.503293
740,9.0,9,604.428671
741,9.0,9,605.516948
742,9.0,9,606.618362
743,9.0,9,607.905208
744,1.158669,7,608.946421
745,0.700013,6,609.751216
746,10.0,10,610.961845
747,9.0,9,611.97748
748,-1.0,5,612.56187
749,-2.0,4,612.993651
750,-1.0,5,613.737722
751,10.0,10,615.448503
752,2.0,8,616.381036
753,10.0,10,617.801744
754,9.0,9,618.809872
755,9.0,9,619.881059
756,9.0,9,620.94395
757,8.0,8,622.047673
758,10.0,10,623.208898
759,9.0,9,624.471561
760,-2.0,4,625.033206
761,9.0,9,626.203775
762,2.158667,8,627.299321
763,0.0,5,628.107506
764,9.0,9,629.173519
765,0.0,6,629.959136
766,9.0,9,631.158121
767,0.0,6,631.80316
768,-0.57992,5,632.533727
769,8.0,8,633.525381
770,0.0,6,634.273243
771,9.0,9,635.490241
772,9.0,9,636.72961
773,10.0,10,638.065358
774,9.0,9,639.395026
775,0.0,6,640.280809
776,1.0,7,641.200782
777,-2.0,4,641.798898
778,9.0,9,642.969439
779,10.0,10,644.376878
780,-2.0,4,645.001384
781,10.0,10,646.361373
782,9.0,9,647.591937
783,-4.0,2,647.847366
784,9.0,9,649.070114
785,9.0,9,650.418898
786,10.0,10,651.790875
787,9.0,9,652.937326
788,-2.0,4,653.544643
789,-0.299923,5,654.260891
790,10.0,10,655.800647
791,0.158681,6,656.541407
792,8.0,8,657.725939
793,9.0,9,659.088526
794,-0.841249,5,659.799119
795,10.0,10,661.084956
796,9.0,9,662.564802
797,9.0,9,663.733285
798,1.0,7,664.709599
799,0.0,6,665.51998
800,9.0,9,666.881875
801,8.0,8,668.014912
802,8.0,8,669.220881
803,9.0,9,670.486933
804,10.0,10,672.067744
805,9.0,9,673.555463
806,10.0,10,674.721767
807,9.0,9,676.259529
808,9.0,9,677.466271
809,10.0,10,679.034794
810,10.0,10,680.366938
811,-2.0,4,680.953525
812,-2.29738,3,681.298999
813,-1.0,5,682.003768
814,9.0,9,683.240314
815,-1.0,5,683.917149
816,9.0,9,685.105419
817,0.0,6,685.892488
818,0.0,6,686.824041
819,0.0,5,687.591008
820,1.0,7,688.758669
821,1.158669,7,689.611729
822,9.0,9,690.753214
823,9.0,9,691.82671
824,10.0,10,693.226569
825,-1.0,4,693.807115
826,9.0,9,695.008332
827,0.0,6,695.733043
828,10.0,10,697.251611
829,10.0,10,698.558995
830,-1.0,5,699.248418
831,8.0,8,700.285389
832,10.0,10,701.784744
833,9.0,9,703.106063
834,-2.0,4,703.851546
835,10.0,10,705.426582
836,9.0,9,706.739957
837,-0.299923,5,707.445453
838,10.0,10,708.853773
839,0.0,6,709.673212
840,8.0,8,710.927279
841,9.0,9,712.308611
842,0.420014,6,713.139232
843,1.0,7,714.076271
844,8.0,8,715.212218
845,9.0,9,716.456584
846,-1.0,5,717.147678
847,9.0,9,718.302572
848,9.0,9,719.714347
849,10.0,10,721.411339
850,8.0,8,722.551645
851,8.633113,10,724.005474
852,0.0,6,724.868865
853,8.0,8,725.961145
854,-5.0,1,726.120191
855,10.0,10,727.607007
856,0.158681,6,728.369385
857,-2.0,4,728.991814
858,-1.0,5,729.716842
859,10.0,10,731.130571
860,0.0,6,732.04331
861,9.0,9,733.15422
862,-1.57953,4,733.827994
863,10.0,10,735.234234
864,10.0,10,737.080578
865,-0.299923,5,738.02583
866,2.7,8,739.199527
867,0.420014,6,739.976766
868,9.0,9,741.446881
869,-1.372771,6,742.323286
870,-1.0,5,742.990315
871,-1.299552,4,743.39819
872,9.0,9,744.571678
873,9.0,9,746.055907
874,-1.0,5,746.889505
875,-1.0,5,747.610235
876,9.0,9,749.021708
877,9.0,9,750.442264
878,10.0,10,752.128008
879,9.0,9,753.454878
880,0.0,6,754.347583
881,0.0,6,755.217331
882,0.0,6,755.936042
883,0.0,6,756.712242
884,10.0,10,757.975066
885,8.0,8,759.051631
886,10.0,10,760.589964
887,9.0,9,761.923834
888,0.0,6,762.836217
889,9.0,9,763.947402
890,0.0,6,764.779829
891,10.0,10,766.225804
892,9.0,9,767.800984
893,10.0,10,769.149505
894,1.0,7,770.109224
895,9.0,9,771.243771
896,9.0,9,772.332818
897,-0.299923,5,773.032802
898,9.0,9,774.425849
899,8.0,8,775.808906
900,10.0,10,777.026506
901,9.0,9,778.35602
902,10.0,10,779.535697
903,-2.0,4,780.20732
904,-1.0,5,780.90947
905,8.618513,10,782.422777
906,8.0,8,783.791294
907,9.0,9,785.037407
908,9.0,9,786.316518
909,8.0,8,787.357455
910,3.0,9,788.645614
911,10.0,10,789.887263
912,-1.0,5,790.517799
913,0.0,5,791.10931
914,9.0,9,792.313781
915,0.0,6,793.124544
916,10.0,10,794.369526
917,9.0,9,795.665139
918,-0.57992,5,796.255585
919,-2.0,4,796.852792
920,10.0,10,798.151979
921,0.0,6,798.926204
922,8.0,8,799.937194
923,9.0,9,801.173417
924,9.0,9,802.281146
925,9.0,9,803.620058
926,9.0,9,804.57611
927,0.0,6,805.354307
928,0.0,6,806.077601
929,0.0,5,806.719063
930,0.0,6,807.511035
931,-2.0,4,808.067943
932,10.0,10,809.776875
933,0.0,6,810.812282
934,9.0,9,812.148301
935,0.0,6,813.088816
936,0.0,6,814.068366
937,-2.0,4,814.783233
938,0.0,5,815.48601
939,10.0,10,817.24533
940,10.0,10,818.690877
941,1.0,7,819.82423
942,8.0,8,820.967258
943,9.0,9,822.329279
944,0.0,6,823.283836
945,2.0,8,824.576721
946,-2.0,4,825.046918
947,-5.0,1,825.191886
948,10.0,10,826.545994
949,-2.838445,3,827.001122
950,9.0,9,828.236592
951,10.0,10,829.71908
952,0.0,6,830.721155
953,-0.841249,5,831.447347
954,-1.0,5,832.251643
955,-1.0,5,833.046459
956,1.0,7,834.112047
957,1.0,7,835.233394
958,8.0,8,836.138058
959,0.700013,6,837.157521
960,8.0,8,838.35638
961,0.0,6,839.288382
962,0.0,6,840.280989
963,9.0,9,841.496495
964,-0.841249,5,842.112824
965,9.0,9,843.584599
966,-2.0,4,844.153067
967,1.0,7,845.247081
968,9.0,9,846.486163
969,0.0,6,847.557811
970,-5.0,1,847.795849
971,9.0,9,848.977755
972,0.0,5,849.742785
973,-5.0,1,849.958208
974,0.0,6,850.990578
975,3.0,9,852.685008
976,9.0,9,854.096946
977,0.0,6,855.113213
978,9.0,9,856.276271
979,10.0,10,857.673457
980,0.0,6,858.339592
981,1.0,7,859.499513
982,10.0,10,861.147409
983,-1.0,5,861.986877
984,9.0,9,863.257483
985,10.0,10,864.995112
986,-1.0,5,865.695273
987,-1.0,5,866.585589
988,9.0,9,867.711196
989,9.0,9,869.113354
990,0.0,6,870.098064
991,-0.57992,5,870.82715
992,9.0,9,872.177888
993,-1.0,5,872.771912
994,10.0,10,874.492109
995,10.0,10,876.091607
996,9.0,9,877.282848
997,-1.0,5,878.009976
998,0.0,6,878.748904
999,1.0,7,879.776126
1000,8.0,8,880.951806
1001,10.0,10,882.512201
1002,0.0,6,883.499956
1003,-2.0,4,884.130394
1004,9.0,9,885.443261
1005,9.0,9,886.779901
1006,9.0,9,888.199537
1007,-1.57953,4,888.79859
1008,10.0,10,890.296714
1009,9.0,9,891.694109
1010,9.0,9,893.096027
1011,10.0,10,894.40023
1012,10.0,10,895.928657
1013,8.0,8,897.177672
1014,-1.0,5,898.209188
1015,10.0,10,899.900717
1016,-1.0,5,900.438826
1017,0.0,6,901.327603
1018,10.0,10,902.713574
1019,0.0,6,903.548442
1020,-1.0,5,904.218118
1021,0.0,5,904.941299
1022,9.0,9,906.366635
1023,0.0,6,907.380291
1024,-3.0,3,907.895958
1025,-1.0,5,908.792886
1026,0.0,5,909.649659
1027,9.0,9,910.934499
1028,0.0,6,911.696253
1029,9.0,9,912.786937
1030,-1.0,5,913.562077
1031,8.0,8,914.623611
1032,-1.0,5,915.470931
1033,-1.0,5,916.34358
1034,-2.0,4,916.945569
1035,9.0,9,918.270659
1036,10.0,10,919.690693
1037,0.0,6,920.716543
1038,10.0,10,922.417447
1039,0.0,6,923.124101
1040,0.0,6,923.962395
1041,9.0,9,925.339045
1042,-2.0,4,925.972905
1043,8.0,8,926.983603
1044,10.0,10,928.320823
1045,1.0,7,929.573957
1046,9.0,9,930.812958
1047,0.0,6,931.751628
1048,-1.0,5,932.487002
1049,10.0,10,933.714043
1050,8.0,8,935.158866
1051,9.0,9,936.934408
1052,1.0,7,937.864517
1053,9.0,9,939.218153
1054,-1.0,5,940.050058
1055,0.0,6,940.910392
1056,0.0,5,941.881605
1057,1.0,7,943.217026
1058,0.0,6,944.06193
1059,9.0,9,945.471551
1060,-2.0,4,946.062524
1061,9.0,9,947.253036
1062,10.0,10,948.967442
1063,9.0,9,950.276699
1064,0.0,6,951.129336
1065,10.0,10,952.949592
1066,9.0,9,954.457352
1067,0.0,6,955.476226
1068,-5.0,1,955.757812
1069,8.0,8,957.285208
1070,0.0,6,958.131416
1071,-1.0,5,958.907363
1072,10.0,10,960.415815
1073,-0.299923,5,961.298519
1074,-1.0,5,962.169014
1075,10.0,10,963.714617
1076,0.0,6,964.609536
1077,0.0,5,965.33488
1078,0.0,6,966.183641
1079,9.0,9,967.546237
1080,-2.0,4,968.11311
1081,0.0,5,968.850344
1082,0.0,5,969.597197
1083,0.0,5,970.395917
1084,-1.0,5,971.068179
1085,-2.0,4,971.681762
1086,9.0,9,972.94793
1087,-1.84084,4,973.552505
1088,-0.299923,5,974.262764
1089,0.0,6,975.142213
1090,9.0,9,976.349945
1091,0.0,6,977.217504
1092,-1.0,5,977.970851
1093,-2.0,4,978.575191
1094,10.0,10,980.221853
1095,-1.0,5,980.970207
1096,9.0,9,982.065162
1097,2.0,8,983.257435
1098,-1.0,5,983.97685
1099,0.0,6,984.795982
1100,10.0,10,986.28518
1101,-1.0,5,986.992749
1102,9.0,9,988.094323
1103,0.0,6,988.940087
1104,1.0,7,989.780374
1105,9.0,9,990.964003
1106,9.0,9,991.95084
1107,-0.57992,5,992.670268
1108,0.0,6,993.433941
1109,9.0,9,994.656298
1110,-0.299923,5,995.339329
1111,0.0,6,996.081177
1112,10.0,10,997.505971
1113,-1.0,5,998.35426
1114,0.0,5,999.009621
1115,9.0,9,1000.144604
1116,-1.0,5,1000.896412
1117,9.0,9,1002.55223
1118,0.0,6,1003.412074
1119,9.0,9,1004.887103
1120,0.0,6,1005.684912
1121,0.0,5,1006.492572
1122,10.0,10,1007.983227
1123,10.0,10,1009.455684
1124,0.0,6,1010.183525
1125,0.0,6,1010.971026
1126,0.420014,6,1011.757803
1127,9.0,9,1013.140128
1128,9.0,9,1014.365009
1129,9.0,9,1015.693873
1130,9.0,9,1016.582594
1131,9.0,9,1017.892166
1132,10.0,10,1019.278709
1133,0.0,6,1020.117793
1134,0.0,5,1020.827959
1135,-1.0,5,1021.608877
1136,9.0,9,1023.077956
1137,-0.299923,5,1023.784943
1138,0.0,6,1024.589132
1139,8.0,8,1025.905681
1140,-1.0,5,1026.793574
1141,8.0,8,1027.96931
1142,-3.0,12,1029.898372
1143,9.0,9,1031.26083
1144,1.0,7,1032.265299
1145,0.0,6,1033.184482
1146,10.0,10,1034.676081
1147,0.0,5,1035.317107
1148,11.0,11,1036.779135
1149,10.0,10,1038.117632
1150,0.158681,6,1038.876783
1151,-1.0,5,1039.654683
1152,6.537046,11,1041.388809
1153,9.0,9,1042.550649
1154,-1.299552,4,1043.264156
1155,10.0,10,1045.046192
1156,10.0,10,1046.59176
1157,9.0,9,1047.91736
1158,0.420014,6,1048.966629
1159,10.0,10,1050.300599
1160,-1.0,11,1052.372313
1161,0.0,6,1053.230453
1162,0.0,6,1054.250648
1163,-1.0,5,1055.101722
1164,9.0,9,1056.431156
1165,0.0,6,1057.241199
1166,9.0,9,1058.597341
1167,9.0,9,1060.006225
1168,0.0,5,1060.916758
1169,10.0,10,1062.282228
1170,9.0,9,1063.318436
1171,9.0,9,1064.746153
1172,8.0,8,1065.832689
1173,0.0,6,1066.72165
1174,10.0,10,1068.195917
1175,9.0,9,1069.492239
1176,0.0,6,1070.537902
1177,10.0,10,1072.079966
1178,9.0,9,1073.380815
1179,-1.0,5,1074.103163
1180,9.0,9,1075.536345
1181,0.158681,6,1076.550747
1182,9.0,9,1078.043654
1183,10.0,10,1079.226266
1184,0.0,6,1080.010315
1185,10.0,10,1081.116249
1186,-1.0,5,1081.726444
1187,-1.691921,6,1082.884135
1188,0.0,6,1084.105181
1189,11.0,11,1085.765685
1190,-0.299923,5,1086.446999
1191,10.0,10,1087.874987
1192,-1.0,4,1088.471465
1193,0.0,6,1089.439107
1194,-1.57953,4,1090.096472
1195,9.0,9,1091.677737
1196,-2.0,6,1092.720856
1197,-1.0,5,1093.71252
1198,10.0,10,1095.299757
1199,9.0,9,1096.577782
1200,9.0,9,1098.059045
1201,-1.0,5,1099.048416
1202,2.0,8,1100.262603
1203,10.0,10,1101.596028
1204,10.0,10,1102.977382
1205,0.0,6,1103.689803
1206,9.0,9,1105.308078
1207,0.0,5,1106.187897
1208,9.0,9,1107.434256
1209,8.0,8,1108.512738
1210,9.0,9,1109.66713
1211,1.0,7,1110.518421
1212,9.0,9,1111.899607
1213,-1.57953,4,1112.467915
1214,8.0,8,1113.699563
1215,-1.0,5,1114.659031
1216,7.0,7,1115.685558
1217,9.0,9,1116.865351
1218,10.0,10,1118.524888
1219,0.0,6,1119.275304
1220,-1.0,5,1119.97745
1221,10.0,10,1121.277076
1222,9.0,9,1122.709541
1223,9.0,9,1123.819044
1224,9.0,9,1125.057076
1225,3.0,9,1126.316943
1226,0.0,5,1127.170652
1227,-1.0,5,1127.888715
1228,-1.0,5,1128.631674
1229,-1.0,5,1129.254853
1230,-2.0,4,1129.869586
1231,9.0,9,1131.116843
1232,9.0,9,1132.465295
1233,-2.0,4,1133.042654
1234,-1.0,5,1133.860225
1235,9.0,9,1135.246064
1236,9.0,9,1136.561253
1237,0.0,6,1137.413457
1238,10.0,10,1138.685556
1239,9.0,9,1140.216438
1240,9.0,9,1141.349616
1241,8.617423,10,1142.66538
1242,-1.0,9,1144.137633
1243,10.0,10,1145.686367
1244,9.0,9,1146.953075
1245,10.0,10,1148.295875
1246,9.0,9,1149.333708
1247,-0.57992,5,1150.010864
1248,8.0,8,1151.130424
1249,-1.299552,4,1151.612113
1250,9.0,9,1152.861435
1251,10.0,10,1154.379284
1252,0.0,6,1155.100228
1253,10.0,10,1156.564029
1254,9.0,9,1157.807299
1255,8.0,8,1158.826038
1256,-2.0,4,1159.350053
1257,10.0,10,1160.714332
1258,-1.0,5,1161.429086
1259,-1.0,5,1162.196348
1260,9.0,9,1163.438483
1261,0.700013,6,1164.20032
1262,9.0,9,1165.473741
1263,10.0,10,1166.931689
1264,0.0,6,1167.809414
1265,9.0,9,1169.066769
1266,9.0,9,1170.349205
1267,9.0,9,1171.605079
1268,9.0,9,1173.104533
1269,-1.84084,4,1173.691969
1270,9.0,9,1175.128433
1271,9.0,9,1176.328927
1272,2.0,8,1177.444908
1273,10.0,10,1178.996049
1274,1.0,7,1180.059893
1275,-1.0,5,1180.642086
1276,10.0,10,1182.224598
1277,9.0,9,1183.621604
1278,9.0,9,1185.020677
1279,9.0,9,1186.351254
1280,9.0,9,1187.863861
1281,9.0,9,1189.032253
1282,9.0,9,1190.181124
1283,9.0,9,1191.522954
1284,10.0,10,1193.145927
1285,-1.0,5,1193.889238
1286,0.0,5,1194.557152
1287,9.0,9,1195.657096
1288,0.0,6,1196.423762
1289,-1.0,5,1197.096059
1290,-1.0,5,1197.83526
1291,10.0,10,1199.297427
1292,9.0,9,1200.689227
1293,-1.0,5,1201.547336
1294,10.0,10,1202.947681
1295,9.0,9,1204.393999
1296,9.0,9,1205.984025
1297,-1.0,5,1206.938156
1298,-1.0,5,1207.663975
1299,-2.0,4,1208.226942
1300,10.0,10,1209.629164
1301,0.0,5,1210.350957
1302,-1.0,5,1211.020195
1303,9.0,9,1212.359313
1304,9.0,9,1213.469769
1305,-2.0,4,1214.177005
1306,-1.0,5,1214.837185
1307,10.0,10,1216.445974
1308,10.0,10,1217.93327
1309,8.549876,11,1219.593302
1310,10.0,10,1220.956663
1311,9.0,9,1222.148358
1312,10.0,10,1223.61451
1313,-0.299923,5,1224.264607
1314,-1.0,5,1225.133635
1315,0.0,6,1225.870259
1316,10.0,10,1227.277465
1317,9.0,9,1228.810469
1318,0.158681,6,1229.650444
1319,0.0,6,1230.485741
1320,-1.0,5,1231.076255
1321,0.0,5,1231.767155
1322,10.0,10,1232.86064
1323,0.0,6,1233.599382
1324,10.0,10,1235.247726
1325,0.0,5,1235.91172
1326,-5.0,1,1236.054473
1327,9.0,9,1237.243158
1328,0.0,6,1238.236255
1329,10.0,10,1239.735837
1330,9.0,9,1241.209003
1331,-1.0,4,1241.651166
1332,0.0,6,1242.51056
1333,10.0,10,1244.031808
1334,9.0,9,1245.222702
1335,-1.0,5,1245.846247
1336,9.0,9,1247.172575
1337,0.0,6,1248.17697
1338,8.0,8,1249.370097
1339,0.0,6,1250.325018
1340,-1.0,5,1251.023205
1341,10.0,10,1252.432383
1342,0.0,6,1253.416294
1343,9.0,9,1254.808916
1344,-1.0,5,1255.602114
1345,0.0,6,1256.332824
1346,1.0,7,1257.178595
1347,8.0,8,1258.383208
1348,-2.0,4,1258.93267
1349,-2.0,4,1259.584301
1350,2.549795,13,1262.088177
1351,0.0,6,1263.029619
1352,10.0,10,1264.610642
1353,-2.0,4,1265.135832
1354,10.0,10,1266.959928
1355,9.0,9,1268.355615
1356,-0.299923,5,1269.226266
1357,1.0,7,1270.248084
1358,-1.0,5,1271.150455
1359,0.0,5,1271.923089
1360,0.700013,6,1272.937588
1361,0.0,5,1273.533777
1362,-1.0,5,1274.210268
1363,9.0,9,1275.626418
1364,-1.0,5,1276.348743
1365,-5.0,1,1276.500936
